{"initial_data": {"ex_rate": 121804.6, "crypto": 0.69749148, "BRL": -84957.7, "FDUSD": 0}, "current_data": {"ex_rate": 107771.19293629221, "crypto": 0.69749148, "BRL": -75365.4009, "FDUSD": 39.73874999999946}}