{"initial_data": {"ex_rate": 121804.6, "crypto": 0.69749148, "BRL": -84957.7, "FDUSD": 0}, "current_data": {"ex_rate": 105057.03843873758, "crypto": 0.69749148, "BRL": -73482.16098449996, "FDUSD": 41.738693599999515}}